accuracy,balanced_accuracy,precision_parasite,recall_parasite,f1_parasite,roc_auc,C
0.7837837837837838,0.6854700854700855,0.29411764705882354,0.5555555555555556,0.38461538461538464,0.5777777777777777,0.01
0.7567567567567568,0.6700854700854701,0.2631578947368421,0.5555555555555556,0.35714285714285715,0.5658119658119658,0.05
0.7567567567567568,0.6700854700854701,0.2631578947368421,0.5555555555555556,0.35714285714285715,0.5555555555555556,0.1
0.7567567567567568,0.6700854700854701,0.2631578947368421,0.5555555555555556,0.35714285714285715,0.5264957264957265,0.3
0.7297297297297297,0.6068376068376069,0.21052631578947367,0.4444444444444444,0.2857142857142857,0.5179487179487179,0.5
0.7297297297297297,0.6068376068376069,0.21052631578947367,0.4444444444444444,0.2857142857142857,0.48888888888888893,1.0
0.7702702702702703,0.5820512820512821,0.21428571428571427,0.3333333333333333,0.2608695652173913,0.4512820512820513,5.0
0.7702702702702703,0.5820512820512821,0.21428571428571427,0.3333333333333333,0.2608695652173913,0.4222222222222223,10.0
0.7432432432432432,0.5666666666666667,0.1875,0.3333333333333333,0.24,0.48034188034188036,2.0
